<?xml version="1.0" encoding="UTF-8"?>
<!DOCTYPE hibernate-configuration PUBLIC "-//Hibernate/Hibernate Configuration DTD 3.0//EN" "http://hibernate.sourceforge.net/hibernate-configuration-3.0.dtd">
<hibernate-configuration>
  <session-factory>
    <property name="hibernate.dialect">org.hibernate.dialect.MySQLDialect</property>
    <property name="hibernate.connection.driver_class">com.mysql.jdbc.Driver</property>
    <property name="hibernate.connection.url">jdbc:mysql://localhost:3306/zaposleni?zeroDateTimeBehavior=convertToNull</property>
    <property name="hibernate.connection.username">root</property>
    <property name="hibernate.current_session_context_class">thread</property>
    <mapping class="persistence.Edit"/>
    <mapping class="persistence.Entery"/>
    <mapping class="persistence.Podatci"/>
    <mapping class="persistence.Database"/>
    <mapping class="persistence.Main"/>
    <mapping class="persistence.Manipulation"/>
  </session-factory>
</hibernate-configuration>
